institution,manufacturer,model,modality,year,tag,value,subject,session,series,image
CZMI,Carl Zeiss Meditec,CIRRUS HD-OCT 4000,OPT,2008,00080005,ISO_IR 192,33,37,87,11136
CZMI,Carl Zeiss Meditec,CIRRUS HD-OCT 4000,OPT,2008,00080008,MAC CUBE 512X128,33,37,87,11136
CZMI,Carl Zeiss Meditec,CIRRUS HD-OCT 4000,OPT,2008,00080008,ORIGINAL,33,37,87,11136
CZMI,Carl Zeiss Meditec,CIRRUS HD-OCT 4000,OPT,2008,00080008,PRIMARY,33,37,87,11136
CZMI,Carl Zeiss Meditec,CIRRUS HD-OCT 4000,OPT,2008,00080060,OPT,33,37,87,11136
CZMI,Carl Zeiss Meditec,CIRRUS HD-OCT 4000,OPT,2008,00100040,F,18,19,39,4992
CZMI,Carl Zeiss Meditec,CIRRUS HD-OCT 4000,OPT,2008,00100040,M,12,14,40,5120
CZMI,Carl Zeiss Meditec,CIRRUS HD-OCT 4000,OPT,2008,00100040,O,3,4,8,1024
CZMI,Carl Zeiss Meditec,CIRRUS HD-OCT 4000,OPT,2008,0018106A,NO TRIGGER,33,37,87,11136
CZMI,Carl Zeiss Meditec,CIRRUS HD-OCT 4000,OPT,2008,00181800,N,33,37,87,11136
CZMI,Carl Zeiss Meditec,CIRRUS HD-OCT 4000,OPT,2008,00187004,CCD,33,37,87,11136
CZMI,Carl Zeiss Meditec,CIRRUS HD-OCT 4000,OPT,2008,00200060,L,32,36,43,5504
CZMI,Carl Zeiss Meditec,CIRRUS HD-OCT 4000,OPT,2008,00200060,R,33,37,44,5632
CZMI,Carl Zeiss Meditec,CIRRUS HD-OCT 4000,OPT,2008,00200062,L,32,36,43,5504
CZMI,Carl Zeiss Meditec,CIRRUS HD-OCT 4000,OPT,2008,00200062,R,33,37,44,5632
CZMI,Carl Zeiss Meditec,CIRRUS HD-OCT 4000,OPT,2008,00209072,L,32,36,43,5504
CZMI,Carl Zeiss Meditec,CIRRUS HD-OCT 4000,OPT,2008,00209072,R,33,37,44,5632
CZMI,Carl Zeiss Meditec,CIRRUS HD-OCT 4000,OPT,2008,00220039,LINEAR,33,37,87,11136
CZMI,Carl Zeiss Meditec,CIRRUS HD-OCT 4000,OPT,2008,00280004,MONOCHROME2,33,37,87,11136
CZMI,Carl Zeiss Meditec,CIRRUS HD-OCT 4000,OPT,2008,00280301,NO,33,37,87,11136
CZMI,Carl Zeiss Meditec,CIRRUS HD-OCT 4000,OPT,2008,00282110,01,33,37,87,11136
CZMI,Carl Zeiss Meditec,CIRRUS HD-OCT 4000,OPT,2008,00282114,ISO_15444_1,33,37,87,11136
CZMI,Carl Zeiss Meditec,CIRRUS HD-OCT 4000,OPT,2008,20500020,IDENTITY,33,37,87,11136
CZMI,Carl Zeiss Meditec,CIRRUS HD-OCT 4000,OPT,2009,00080005,ISO_IR 192,58,75,172,22016
CZMI,Carl Zeiss Meditec,CIRRUS HD-OCT 4000,OPT,2009,00080008,MAC CUBE 512X128,58,75,172,22016
CZMI,Carl Zeiss Meditec,CIRRUS HD-OCT 4000,OPT,2009,00080008,ORIGINAL,58,75,172,22016
CZMI,Carl Zeiss Meditec,CIRRUS HD-OCT 4000,OPT,2009,00080008,PRIMARY,58,75,172,22016
CZMI,Carl Zeiss Meditec,CIRRUS HD-OCT 4000,OPT,2009,00080060,OPT,58,75,172,22016
CZMI,Carl Zeiss Meditec,CIRRUS HD-OCT 4000,OPT,2009,00100040,F,39,50,119,15232
CZMI,Carl Zeiss Meditec,CIRRUS HD-OCT 4000,OPT,2009,00100040,M,17,21,45,5760
CZMI,Carl Zeiss Meditec,CIRRUS HD-OCT 4000,OPT,2009,00100040,O,2,4,8,1024
CZMI,Carl Zeiss Meditec,CIRRUS HD-OCT 4000,OPT,2009,0018106A,NO TRIGGER,58,75,172,22016
CZMI,Carl Zeiss Meditec,CIRRUS HD-OCT 4000,OPT,2009,00181800,N,58,75,172,22016
CZMI,Carl Zeiss Meditec,CIRRUS HD-OCT 4000,OPT,2009,00187004,CCD,58,75,172,22016
CZMI,Carl Zeiss Meditec,CIRRUS HD-OCT 4000,OPT,2009,00200060,L,58,75,86,11008
CZMI,Carl Zeiss Meditec,CIRRUS HD-OCT 4000,OPT,2009,00200060,R,57,74,86,11008
CZMI,Carl Zeiss Meditec,CIRRUS HD-OCT 4000,OPT,2009,00200062,L,58,75,86,11008
CZMI,Carl Zeiss Meditec,CIRRUS HD-OCT 4000,OPT,2009,00200062,R,57,74,86,11008
CZMI,Carl Zeiss Meditec,CIRRUS HD-OCT 4000,OPT,2009,00209072,L,58,75,86,11008
CZMI,Carl Zeiss Meditec,CIRRUS HD-OCT 4000,OPT,2009,00209072,R,57,74,86,11008
CZMI,Carl Zeiss Meditec,CIRRUS HD-OCT 4000,OPT,2009,00220039,LINEAR,58,75,172,22016
CZMI,Carl Zeiss Meditec,CIRRUS HD-OCT 4000,OPT,2009,00280004,MONOCHROME2,58,75,172,22016
CZMI,Carl Zeiss Meditec,CIRRUS HD-OCT 4000,OPT,2009,00280301,NO,58,75,172,22016
CZMI,Carl Zeiss Meditec,CIRRUS HD-OCT 4000,OPT,2009,00282110,01,58,75,172,22016
CZMI,Carl Zeiss Meditec,CIRRUS HD-OCT 4000,OPT,2009,00282114,ISO_15444_1,58,75,172,22016
CZMI,Carl Zeiss Meditec,CIRRUS HD-OCT 4000,OPT,2009,20500020,IDENTITY,58,75,172,22016
CZMI,Carl Zeiss Meditec,CIRRUS HD-OCT 4000,OPT,2010,00080005,ISO_IR 192,57,74,161,20608
CZMI,Carl Zeiss Meditec,CIRRUS HD-OCT 4000,OPT,2010,00080008,MAC CUBE 512X128,57,74,161,20608
CZMI,Carl Zeiss Meditec,CIRRUS HD-OCT 4000,OPT,2010,00080008,ORIGINAL,57,74,161,20608
CZMI,Carl Zeiss Meditec,CIRRUS HD-OCT 4000,OPT,2010,00080008,PRIMARY,57,74,161,20608
CZMI,Carl Zeiss Meditec,CIRRUS HD-OCT 4000,OPT,2010,00080060,OPT,57,74,161,20608
CZMI,Carl Zeiss Meditec,CIRRUS HD-OCT 4000,OPT,2010,00100040,F,37,50,107,13696
CZMI,Carl Zeiss Meditec,CIRRUS HD-OCT 4000,OPT,2010,00100040,M,18,22,49,6272
CZMI,Carl Zeiss Meditec,CIRRUS HD-OCT 4000,OPT,2010,00100040,O,2,2,5,640
CZMI,Carl Zeiss Meditec,CIRRUS HD-OCT 4000,OPT,2010,0018106A,NO TRIGGER,57,74,161,20608
CZMI,Carl Zeiss Meditec,CIRRUS HD-OCT 4000,OPT,2010,00181800,N,57,74,161,20608
CZMI,Carl Zeiss Meditec,CIRRUS HD-OCT 4000,OPT,2010,00187004,CCD,57,74,161,20608
CZMI,Carl Zeiss Meditec,CIRRUS HD-OCT 4000,OPT,2010,00200060,L,56,71,79,10112
CZMI,Carl Zeiss Meditec,CIRRUS HD-OCT 4000,OPT,2010,00200060,R,56,73,82,10496
CZMI,Carl Zeiss Meditec,CIRRUS HD-OCT 4000,OPT,2010,00200062,L,56,71,79,10112
CZMI,Carl Zeiss Meditec,CIRRUS HD-OCT 4000,OPT,2010,00200062,R,56,73,82,10496
CZMI,Carl Zeiss Meditec,CIRRUS HD-OCT 4000,OPT,2010,00209072,L,56,71,79,10112
CZMI,Carl Zeiss Meditec,CIRRUS HD-OCT 4000,OPT,2010,00209072,R,56,73,82,10496
CZMI,Carl Zeiss Meditec,CIRRUS HD-OCT 4000,OPT,2010,00220039,LINEAR,57,74,161,20608
CZMI,Carl Zeiss Meditec,CIRRUS HD-OCT 4000,OPT,2010,00280004,MONOCHROME2,57,74,161,20608
CZMI,Carl Zeiss Meditec,CIRRUS HD-OCT 4000,OPT,2010,00280301,NO,57,74,161,20608
CZMI,Carl Zeiss Meditec,CIRRUS HD-OCT 4000,OPT,2010,00282110,01,57,74,161,20608
CZMI,Carl Zeiss Meditec,CIRRUS HD-OCT 4000,OPT,2010,00282114,ISO_15444_1,57,74,161,20608
CZMI,Carl Zeiss Meditec,CIRRUS HD-OCT 4000,OPT,2010,20500020,IDENTITY,57,74,161,20608
CZMI,Carl Zeiss Meditec,CIRRUS HD-OCT 4000,OPT,2011,00080005,ISO_IR 192,69,81,289,36992
CZMI,Carl Zeiss Meditec,CIRRUS HD-OCT 4000,OPT,2011,00080008,MAC CUBE 512X128,69,81,289,36992
CZMI,Carl Zeiss Meditec,CIRRUS HD-OCT 4000,OPT,2011,00080008,ORIGINAL,69,81,289,36992
CZMI,Carl Zeiss Meditec,CIRRUS HD-OCT 4000,OPT,2011,00080008,PRIMARY,69,81,289,36992
CZMI,Carl Zeiss Meditec,CIRRUS HD-OCT 4000,OPT,2011,00080060,OPT,69,81,289,36992
CZMI,Carl Zeiss Meditec,CIRRUS HD-OCT 4000,OPT,2011,00100040,F,42,50,169,21632
CZMI,Carl Zeiss Meditec,CIRRUS HD-OCT 4000,OPT,2011,00100040,M,26,30,118,15104
CZMI,Carl Zeiss Meditec,CIRRUS HD-OCT 4000,OPT,2011,00100040,O,1,1,2,256
CZMI,Carl Zeiss Meditec,CIRRUS HD-OCT 4000,OPT,2011,0018106A,NO TRIGGER,69,81,289,36992
CZMI,Carl Zeiss Meditec,CIRRUS HD-OCT 4000,OPT,2011,00181800,N,69,81,289,36992
CZMI,Carl Zeiss Meditec,CIRRUS HD-OCT 4000,OPT,2011,00187004,CCD,69,81,289,36992
CZMI,Carl Zeiss Meditec,CIRRUS HD-OCT 4000,OPT,2011,00200060,L,69,81,146,18688
CZMI,Carl Zeiss Meditec,CIRRUS HD-OCT 4000,OPT,2011,00200060,R,67,79,143,18304
CZMI,Carl Zeiss Meditec,CIRRUS HD-OCT 4000,OPT,2011,00200062,L,69,81,146,18688
CZMI,Carl Zeiss Meditec,CIRRUS HD-OCT 4000,OPT,2011,00200062,R,67,79,143,18304
CZMI,Carl Zeiss Meditec,CIRRUS HD-OCT 4000,OPT,2011,00209072,L,69,81,146,18688
CZMI,Carl Zeiss Meditec,CIRRUS HD-OCT 4000,OPT,2011,00209072,R,67,79,143,18304
CZMI,Carl Zeiss Meditec,CIRRUS HD-OCT 4000,OPT,2011,00220039,LINEAR,69,81,289,36992
CZMI,Carl Zeiss Meditec,CIRRUS HD-OCT 4000,OPT,2011,00280004,MONOCHROME2,69,81,289,36992
CZMI,Carl Zeiss Meditec,CIRRUS HD-OCT 4000,OPT,2011,00280301,NO,69,81,289,36992
CZMI,Carl Zeiss Meditec,CIRRUS HD-OCT 4000,OPT,2011,00282110,01,69,81,289,36992
CZMI,Carl Zeiss Meditec,CIRRUS HD-OCT 4000,OPT,2011,00282114,ISO_15444_1,69,81,289,36992
CZMI,Carl Zeiss Meditec,CIRRUS HD-OCT 4000,OPT,2011,20500020,IDENTITY,69,81,289,36992
CZMI,Carl Zeiss Meditec,CIRRUS HD-OCT 4000,OPT,2012,00080005,ISO_IR 192,56,63,163,20864
CZMI,Carl Zeiss Meditec,CIRRUS HD-OCT 4000,OPT,2012,00080008,MAC CUBE 512X128,56,63,163,20864
CZMI,Carl Zeiss Meditec,CIRRUS HD-OCT 4000,OPT,2012,00080008,ORIGINAL,56,63,163,20864
CZMI,Carl Zeiss Meditec,CIRRUS HD-OCT 4000,OPT,2012,00080008,PRIMARY,56,63,163,20864
CZMI,Carl Zeiss Meditec,CIRRUS HD-OCT 4000,OPT,2012,00080060,OPT,56,63,163,20864
CZMI,Carl Zeiss Meditec,CIRRUS HD-OCT 4000,OPT,2012,00100040,F,41,46,126,16128
CZMI,Carl Zeiss Meditec,CIRRUS HD-OCT 4000,OPT,2012,00100040,M,15,17,37,4736
CZMI,Carl Zeiss Meditec,CIRRUS HD-OCT 4000,OPT,2012,0018106A,NO TRIGGER,56,63,163,20864
CZMI,Carl Zeiss Meditec,CIRRUS HD-OCT 4000,OPT,2012,00181800,N,56,63,163,20864
CZMI,Carl Zeiss Meditec,CIRRUS HD-OCT 4000,OPT,2012,00187004,CCD,56,63,163,20864
CZMI,Carl Zeiss Meditec,CIRRUS HD-OCT 4000,OPT,2012,00200060,L,56,63,81,10368
CZMI,Carl Zeiss Meditec,CIRRUS HD-OCT 4000,OPT,2012,00200060,R,55,62,82,10496
CZMI,Carl Zeiss Meditec,CIRRUS HD-OCT 4000,OPT,2012,00200062,L,56,63,81,10368
CZMI,Carl Zeiss Meditec,CIRRUS HD-OCT 4000,OPT,2012,00200062,R,55,62,82,10496
CZMI,Carl Zeiss Meditec,CIRRUS HD-OCT 4000,OPT,2012,00209072,L,56,63,81,10368
CZMI,Carl Zeiss Meditec,CIRRUS HD-OCT 4000,OPT,2012,00209072,R,55,62,82,10496
CZMI,Carl Zeiss Meditec,CIRRUS HD-OCT 4000,OPT,2012,00220039,LINEAR,56,63,163,20864
CZMI,Carl Zeiss Meditec,CIRRUS HD-OCT 4000,OPT,2012,00280004,MONOCHROME2,56,63,163,20864
CZMI,Carl Zeiss Meditec,CIRRUS HD-OCT 4000,OPT,2012,00280301,NO,56,63,163,20864
CZMI,Carl Zeiss Meditec,CIRRUS HD-OCT 4000,OPT,2012,00282110,01,56,63,163,20864
CZMI,Carl Zeiss Meditec,CIRRUS HD-OCT 4000,OPT,2012,00282114,ISO_15444_1,56,63,163,20864
CZMI,Carl Zeiss Meditec,CIRRUS HD-OCT 4000,OPT,2012,20500020,IDENTITY,56,63,163,20864
CZMI,Carl Zeiss Meditec,CIRRUS HD-OCT 4000,OPT,2013,00080005,ISO_IR 192,64,75,173,22144
CZMI,Carl Zeiss Meditec,CIRRUS HD-OCT 4000,OPT,2013,00080008,MAC CUBE 512X128,64,75,173,22144
CZMI,Carl Zeiss Meditec,CIRRUS HD-OCT 4000,OPT,2013,00080008,ORIGINAL,64,75,173,22144
CZMI,Carl Zeiss Meditec,CIRRUS HD-OCT 4000,OPT,2013,00080008,PRIMARY,64,75,173,22144
CZMI,Carl Zeiss Meditec,CIRRUS HD-OCT 4000,OPT,2013,00080060,OPT,64,75,173,22144
CZMI,Carl Zeiss Meditec,CIRRUS HD-OCT 4000,OPT,2013,00100040,F,46,56,130,16640
CZMI,Carl Zeiss Meditec,CIRRUS HD-OCT 4000,OPT,2013,00100040,M,18,19,43,5504
CZMI,Carl Zeiss Meditec,CIRRUS HD-OCT 4000,OPT,2013,0018106A,NO TRIGGER,64,75,173,22144
CZMI,Carl Zeiss Meditec,CIRRUS HD-OCT 4000,OPT,2013,00181800,N,64,75,173,22144
CZMI,Carl Zeiss Meditec,CIRRUS HD-OCT 4000,OPT,2013,00187004,CCD,64,75,173,22144
CZMI,Carl Zeiss Meditec,CIRRUS HD-OCT 4000,OPT,2013,00200060,L,63,74,83,10624
CZMI,Carl Zeiss Meditec,CIRRUS HD-OCT 4000,OPT,2013,00200060,R,63,74,90,11520
CZMI,Carl Zeiss Meditec,CIRRUS HD-OCT 4000,OPT,2013,00200062,L,63,74,83,10624
CZMI,Carl Zeiss Meditec,CIRRUS HD-OCT 4000,OPT,2013,00200062,R,63,74,90,11520
CZMI,Carl Zeiss Meditec,CIRRUS HD-OCT 4000,OPT,2013,00209072,L,63,74,83,10624
CZMI,Carl Zeiss Meditec,CIRRUS HD-OCT 4000,OPT,2013,00209072,R,63,74,90,11520
CZMI,Carl Zeiss Meditec,CIRRUS HD-OCT 4000,OPT,2013,00220039,LINEAR,64,75,173,22144
CZMI,Carl Zeiss Meditec,CIRRUS HD-OCT 4000,OPT,2013,00280004,MONOCHROME2,64,75,173,22144
CZMI,Carl Zeiss Meditec,CIRRUS HD-OCT 4000,OPT,2013,00280301,NO,64,75,173,22144
CZMI,Carl Zeiss Meditec,CIRRUS HD-OCT 4000,OPT,2013,00282110,01,64,75,173,22144
CZMI,Carl Zeiss Meditec,CIRRUS HD-OCT 4000,OPT,2013,00282114,ISO_15444_1,64,75,173,22144
CZMI,Carl Zeiss Meditec,CIRRUS HD-OCT 4000,OPT,2013,20500020,IDENTITY,64,75,173,22144
CZMI,Carl Zeiss Meditec,CIRRUS HD-OCT 4000,OPT,2014,00080005,ISO_IR 192,29,31,79,10112
CZMI,Carl Zeiss Meditec,CIRRUS HD-OCT 4000,OPT,2014,00080008,MAC CUBE 512X128,29,31,79,10112
CZMI,Carl Zeiss Meditec,CIRRUS HD-OCT 4000,OPT,2014,00080008,ORIGINAL,29,31,79,10112
CZMI,Carl Zeiss Meditec,CIRRUS HD-OCT 4000,OPT,2014,00080008,PRIMARY,29,31,79,10112
CZMI,Carl Zeiss Meditec,CIRRUS HD-OCT 4000,OPT,2014,00080060,OPT,29,31,79,10112
CZMI,Carl Zeiss Meditec,CIRRUS HD-OCT 4000,OPT,2014,00100040,F,22,24,61,7808
CZMI,Carl Zeiss Meditec,CIRRUS HD-OCT 4000,OPT,2014,00100040,M,7,7,18,2304
CZMI,Carl Zeiss Meditec,CIRRUS HD-OCT 4000,OPT,2014,0018106A,NO TRIGGER,29,31,79,10112
CZMI,Carl Zeiss Meditec,CIRRUS HD-OCT 4000,OPT,2014,00181800,N,29,31,79,10112
CZMI,Carl Zeiss Meditec,CIRRUS HD-OCT 4000,OPT,2014,00187004,CCD,29,31,79,10112
CZMI,Carl Zeiss Meditec,CIRRUS HD-OCT 4000,OPT,2014,00200060,L,29,31,40,5120
CZMI,Carl Zeiss Meditec,CIRRUS HD-OCT 4000,OPT,2014,00200060,R,28,30,39,4992
CZMI,Carl Zeiss Meditec,CIRRUS HD-OCT 4000,OPT,2014,00200062,L,29,31,40,5120
CZMI,Carl Zeiss Meditec,CIRRUS HD-OCT 4000,OPT,2014,00200062,R,28,30,39,4992
CZMI,Carl Zeiss Meditec,CIRRUS HD-OCT 4000,OPT,2014,00209072,L,29,31,40,5120
CZMI,Carl Zeiss Meditec,CIRRUS HD-OCT 4000,OPT,2014,00209072,R,28,30,39,4992
CZMI,Carl Zeiss Meditec,CIRRUS HD-OCT 4000,OPT,2014,00220039,LINEAR,29,31,79,10112
CZMI,Carl Zeiss Meditec,CIRRUS HD-OCT 4000,OPT,2014,00280004,MONOCHROME2,29,31,79,10112
CZMI,Carl Zeiss Meditec,CIRRUS HD-OCT 4000,OPT,2014,00280301,NO,29,31,79,10112
CZMI,Carl Zeiss Meditec,CIRRUS HD-OCT 4000,OPT,2014,00282110,01,29,31,79,10112
CZMI,Carl Zeiss Meditec,CIRRUS HD-OCT 4000,OPT,2014,00282114,ISO_15444_1,29,31,79,10112
CZMI,Carl Zeiss Meditec,CIRRUS HD-OCT 4000,OPT,2014,20500020,IDENTITY,29,31,79,10112
CZMI,Carl Zeiss Meditec,CIRRUS HD-OCT 5000,OPT,2014,00080005,ISO_IR 192,29,29,83,10624
CZMI,Carl Zeiss Meditec,CIRRUS HD-OCT 5000,OPT,2014,00080008,MAC CUBE 512X128,29,29,83,10624
CZMI,Carl Zeiss Meditec,CIRRUS HD-OCT 5000,OPT,2014,00080008,ORIGINAL,29,29,83,10624
CZMI,Carl Zeiss Meditec,CIRRUS HD-OCT 5000,OPT,2014,00080008,PRIMARY,29,29,83,10624
CZMI,Carl Zeiss Meditec,CIRRUS HD-OCT 5000,OPT,2014,00080060,OPT,29,29,83,10624
CZMI,Carl Zeiss Meditec,CIRRUS HD-OCT 5000,OPT,2014,00100040,F,22,22,67,8576
CZMI,Carl Zeiss Meditec,CIRRUS HD-OCT 5000,OPT,2014,00100040,M,7,7,16,2048
CZMI,Carl Zeiss Meditec,CIRRUS HD-OCT 5000,OPT,2014,0018106A,NO TRIGGER,29,29,83,10624
CZMI,Carl Zeiss Meditec,CIRRUS HD-OCT 5000,OPT,2014,00181800,N,29,29,83,10624
CZMI,Carl Zeiss Meditec,CIRRUS HD-OCT 5000,OPT,2014,00187004,CCD,29,29,83,10624
CZMI,Carl Zeiss Meditec,CIRRUS HD-OCT 5000,OPT,2014,00200060,L,29,29,44,5632
CZMI,Carl Zeiss Meditec,CIRRUS HD-OCT 5000,OPT,2014,00200060,R,28,28,39,4992
CZMI,Carl Zeiss Meditec,CIRRUS HD-OCT 5000,OPT,2014,00200062,L,29,29,44,5632
CZMI,Carl Zeiss Meditec,CIRRUS HD-OCT 5000,OPT,2014,00200062,R,28,28,39,4992
CZMI,Carl Zeiss Meditec,CIRRUS HD-OCT 5000,OPT,2014,00209072,L,29,29,44,5632
CZMI,Carl Zeiss Meditec,CIRRUS HD-OCT 5000,OPT,2014,00209072,R,28,28,39,4992
CZMI,Carl Zeiss Meditec,CIRRUS HD-OCT 5000,OPT,2014,00220039,LINEAR,29,29,83,10624
CZMI,Carl Zeiss Meditec,CIRRUS HD-OCT 5000,OPT,2014,00280004,MONOCHROME2,29,29,83,10624
CZMI,Carl Zeiss Meditec,CIRRUS HD-OCT 5000,OPT,2014,00280301,NO,29,29,83,10624
CZMI,Carl Zeiss Meditec,CIRRUS HD-OCT 5000,OPT,2014,00282110,01,29,29,83,10624
CZMI,Carl Zeiss Meditec,CIRRUS HD-OCT 5000,OPT,2014,00282114,ISO_15444_1,29,29,83,10624
CZMI,Carl Zeiss Meditec,CIRRUS HD-OCT 5000,OPT,2014,20500020,IDENTITY,29,29,83,10624
CZMI,Carl Zeiss Meditec,CIRRUS HD-OCT 5000,OPT,2015,00080005,ISO_IR 192,39,44,112,14624
CZMI,Carl Zeiss Meditec,CIRRUS HD-OCT 5000,OPT,2015,00080008,MAC CUBE 200X200,1,1,4,800
CZMI,Carl Zeiss Meditec,CIRRUS HD-OCT 5000,OPT,2015,00080008,MAC CUBE 512X128,38,43,108,13824
CZMI,Carl Zeiss Meditec,CIRRUS HD-OCT 5000,OPT,2015,00080008,ORIGINAL,39,44,112,14624
CZMI,Carl Zeiss Meditec,CIRRUS HD-OCT 5000,OPT,2015,00080008,PRIMARY,39,44,112,14624
CZMI,Carl Zeiss Meditec,CIRRUS HD-OCT 5000,OPT,2015,00080060,OPT,39,44,112,14624
CZMI,Carl Zeiss Meditec,CIRRUS HD-OCT 5000,OPT,2015,00100040,F,26,30,78,10272
CZMI,Carl Zeiss Meditec,CIRRUS HD-OCT 5000,OPT,2015,00100040,M,13,14,34,4352
CZMI,Carl Zeiss Meditec,CIRRUS HD-OCT 5000,OPT,2015,0018106A,NO TRIGGER,39,44,112,14624
CZMI,Carl Zeiss Meditec,CIRRUS HD-OCT 5000,OPT,2015,00181800,N,39,44,112,14624
CZMI,Carl Zeiss Meditec,CIRRUS HD-OCT 5000,OPT,2015,00187004,CCD,39,44,112,14624
CZMI,Carl Zeiss Meditec,CIRRUS HD-OCT 5000,OPT,2015,00200060,L,38,43,55,7184
CZMI,Carl Zeiss Meditec,CIRRUS HD-OCT 5000,OPT,2015,00200060,R,39,44,57,7440
CZMI,Carl Zeiss Meditec,CIRRUS HD-OCT 5000,OPT,2015,00200062,L,38,43,55,7184
CZMI,Carl Zeiss Meditec,CIRRUS HD-OCT 5000,OPT,2015,00200062,R,39,44,57,7440
CZMI,Carl Zeiss Meditec,CIRRUS HD-OCT 5000,OPT,2015,00209072,L,38,43,55,7184
CZMI,Carl Zeiss Meditec,CIRRUS HD-OCT 5000,OPT,2015,00209072,R,39,44,57,7440
CZMI,Carl Zeiss Meditec,CIRRUS HD-OCT 5000,OPT,2015,00220039,LINEAR,39,44,112,14624
CZMI,Carl Zeiss Meditec,CIRRUS HD-OCT 5000,OPT,2015,00280004,MONOCHROME2,39,44,112,14624
CZMI,Carl Zeiss Meditec,CIRRUS HD-OCT 5000,OPT,2015,00280301,NO,39,44,112,14624
CZMI,Carl Zeiss Meditec,CIRRUS HD-OCT 5000,OPT,2015,00282110,01,39,44,112,14624
CZMI,Carl Zeiss Meditec,CIRRUS HD-OCT 5000,OPT,2015,00282114,ISO_15444_1,39,44,112,14624
CZMI,Carl Zeiss Meditec,CIRRUS HD-OCT 5000,OPT,2015,20500020,IDENTITY,39,44,112,14624
CZMI,Carl Zeiss Meditec,CIRRUS HD-OCT 5000,OPT,2016,00080005,ISO_IR 192,78,88,238,30464
CZMI,Carl Zeiss Meditec,CIRRUS HD-OCT 5000,OPT,2016,00080008,MAC CUBE 512X128,78,88,238,30464
CZMI,Carl Zeiss Meditec,CIRRUS HD-OCT 5000,OPT,2016,00080008,ORIGINAL,78,88,238,30464
CZMI,Carl Zeiss Meditec,CIRRUS HD-OCT 5000,OPT,2016,00080008,PRIMARY,78,88,238,30464
CZMI,Carl Zeiss Meditec,CIRRUS HD-OCT 5000,OPT,2016,00080060,OPT,78,88,238,30464
CZMI,Carl Zeiss Meditec,CIRRUS HD-OCT 5000,OPT,2016,00100040,F,58,66,180,23040
CZMI,Carl Zeiss Meditec,CIRRUS HD-OCT 5000,OPT,2016,00100040,M,20,22,58,7424
CZMI,Carl Zeiss Meditec,CIRRUS HD-OCT 5000,OPT,2016,0018106A,NO TRIGGER,78,88,238,30464
CZMI,Carl Zeiss Meditec,CIRRUS HD-OCT 5000,OPT,2016,00181800,N,78,88,238,30464
CZMI,Carl Zeiss Meditec,CIRRUS HD-OCT 5000,OPT,2016,00187004,CCD,78,88,238,30464
CZMI,Carl Zeiss Meditec,CIRRUS HD-OCT 5000,OPT,2016,00200060,L,77,87,116,14848
CZMI,Carl Zeiss Meditec,CIRRUS HD-OCT 5000,OPT,2016,00200060,R,77,87,122,15616
CZMI,Carl Zeiss Meditec,CIRRUS HD-OCT 5000,OPT,2016,00200062,L,77,87,116,14848
CZMI,Carl Zeiss Meditec,CIRRUS HD-OCT 5000,OPT,2016,00200062,R,77,87,122,15616
CZMI,Carl Zeiss Meditec,CIRRUS HD-OCT 5000,OPT,2016,00209072,L,77,87,116,14848
CZMI,Carl Zeiss Meditec,CIRRUS HD-OCT 5000,OPT,2016,00209072,R,77,87,122,15616
CZMI,Carl Zeiss Meditec,CIRRUS HD-OCT 5000,OPT,2016,00220039,LINEAR,78,88,238,30464
CZMI,Carl Zeiss Meditec,CIRRUS HD-OCT 5000,OPT,2016,00280004,MONOCHROME2,78,88,238,30464
CZMI,Carl Zeiss Meditec,CIRRUS HD-OCT 5000,OPT,2016,00280301,NO,78,88,238,30464
CZMI,Carl Zeiss Meditec,CIRRUS HD-OCT 5000,OPT,2016,00282110,01,78,88,238,30464
CZMI,Carl Zeiss Meditec,CIRRUS HD-OCT 5000,OPT,2016,00282114,ISO_15444_1,78,88,238,30464
CZMI,Carl Zeiss Meditec,CIRRUS HD-OCT 5000,OPT,2016,20500020,IDENTITY,78,88,238,30464
CZMI,Carl Zeiss Meditec,CIRRUS HD-OCT 5000,OPT,2017,00080005,ISO_IR 192,112,127,362,46624
CZMI,Carl Zeiss Meditec,CIRRUS HD-OCT 5000,OPT,2017,00080008,MAC CUBE 200X200,1,1,4,800
CZMI,Carl Zeiss Meditec,CIRRUS HD-OCT 5000,OPT,2017,00080008,MAC CUBE 512X128,112,126,358,45824
CZMI,Carl Zeiss Meditec,CIRRUS HD-OCT 5000,OPT,2017,00080008,ORIGINAL,112,127,362,46624
CZMI,Carl Zeiss Meditec,CIRRUS HD-OCT 5000,OPT,2017,00080008,PRIMARY,112,127,362,46624
CZMI,Carl Zeiss Meditec,CIRRUS HD-OCT 5000,OPT,2017,00080060,OPT,112,127,362,46624
CZMI,Carl Zeiss Meditec,CIRRUS HD-OCT 5000,OPT,2017,00100040,F,76,88,247,31616
CZMI,Carl Zeiss Meditec,CIRRUS HD-OCT 5000,OPT,2017,00100040,M,35,38,111,14496
CZMI,Carl Zeiss Meditec,CIRRUS HD-OCT 5000,OPT,2017,00100040,O,1,1,4,512
CZMI,Carl Zeiss Meditec,CIRRUS HD-OCT 5000,OPT,2017,0018106A,NO TRIGGER,112,127,362,46624
CZMI,Carl Zeiss Meditec,CIRRUS HD-OCT 5000,OPT,2017,00181800,N,112,127,362,46624
CZMI,Carl Zeiss Meditec,CIRRUS HD-OCT 5000,OPT,2017,00187004,CCD,112,127,362,46624
CZMI,Carl Zeiss Meditec,CIRRUS HD-OCT 5000,OPT,2017,00200060,L,107,121,177,22800
CZMI,Carl Zeiss Meditec,CIRRUS HD-OCT 5000,OPT,2017,00200060,R,110,125,185,23824
CZMI,Carl Zeiss Meditec,CIRRUS HD-OCT 5000,OPT,2017,00200062,L,107,121,177,22800
CZMI,Carl Zeiss Meditec,CIRRUS HD-OCT 5000,OPT,2017,00200062,R,110,125,185,23824
CZMI,Carl Zeiss Meditec,CIRRUS HD-OCT 5000,OPT,2017,00209072,L,107,121,177,22800
CZMI,Carl Zeiss Meditec,CIRRUS HD-OCT 5000,OPT,2017,00209072,R,110,125,185,23824
CZMI,Carl Zeiss Meditec,CIRRUS HD-OCT 5000,OPT,2017,00220039,LINEAR,112,127,362,46624
CZMI,Carl Zeiss Meditec,CIRRUS HD-OCT 5000,OPT,2017,00280004,MONOCHROME2,112,127,362,46624
CZMI,Carl Zeiss Meditec,CIRRUS HD-OCT 5000,OPT,2017,00280301,NO,112,127,362,46624
CZMI,Carl Zeiss Meditec,CIRRUS HD-OCT 5000,OPT,2017,00282110,01,112,127,362,46624
CZMI,Carl Zeiss Meditec,CIRRUS HD-OCT 5000,OPT,2017,00282114,ISO_15444_1,112,127,362,46624
CZMI,Carl Zeiss Meditec,CIRRUS HD-OCT 5000,OPT,2017,20500020,IDENTITY,112,127,362,46624
CZMI,Carl Zeiss Meditec,CIRRUS HD-OCT 5000,OPT,2018,00080005,ISO_IR 192,93,117,385,49280
CZMI,Carl Zeiss Meditec,CIRRUS HD-OCT 5000,OPT,2018,00080008,MAC CUBE 512X128,93,117,385,49280
CZMI,Carl Zeiss Meditec,CIRRUS HD-OCT 5000,OPT,2018,00080008,ORIGINAL,93,117,385,49280
CZMI,Carl Zeiss Meditec,CIRRUS HD-OCT 5000,OPT,2018,00080008,PRIMARY,93,117,385,49280
CZMI,Carl Zeiss Meditec,CIRRUS HD-OCT 5000,OPT,2018,00080060,OPT,93,117,385,49280
CZMI,Carl Zeiss Meditec,CIRRUS HD-OCT 5000,OPT,2018,00100040,F,68,85,287,36736
CZMI,Carl Zeiss Meditec,CIRRUS HD-OCT 5000,OPT,2018,00100040,M,25,32,98,12544
CZMI,Carl Zeiss Meditec,CIRRUS HD-OCT 5000,OPT,2018,0018106A,NO TRIGGER,93,117,385,49280
CZMI,Carl Zeiss Meditec,CIRRUS HD-OCT 5000,OPT,2018,00181800,N,93,117,385,49280
CZMI,Carl Zeiss Meditec,CIRRUS HD-OCT 5000,OPT,2018,00187004,CCD,93,117,385,49280
CZMI,Carl Zeiss Meditec,CIRRUS HD-OCT 5000,OPT,2018,00200060,L,92,116,184,23552
CZMI,Carl Zeiss Meditec,CIRRUS HD-OCT 5000,OPT,2018,00200060,R,92,116,201,25728
CZMI,Carl Zeiss Meditec,CIRRUS HD-OCT 5000,OPT,2018,00200062,L,92,116,184,23552
CZMI,Carl Zeiss Meditec,CIRRUS HD-OCT 5000,OPT,2018,00200062,R,92,116,201,25728
CZMI,Carl Zeiss Meditec,CIRRUS HD-OCT 5000,OPT,2018,00209072,L,92,116,184,23552
CZMI,Carl Zeiss Meditec,CIRRUS HD-OCT 5000,OPT,2018,00209072,R,92,116,201,25728
CZMI,Carl Zeiss Meditec,CIRRUS HD-OCT 5000,OPT,2018,00220039,LINEAR,93,117,385,49280
CZMI,Carl Zeiss Meditec,CIRRUS HD-OCT 5000,OPT,2018,00280004,MONOCHROME2,93,117,385,49280
CZMI,Carl Zeiss Meditec,CIRRUS HD-OCT 5000,OPT,2018,00280301,NO,93,117,385,49280
CZMI,Carl Zeiss Meditec,CIRRUS HD-OCT 5000,OPT,2018,00282110,01,93,117,385,49280
CZMI,Carl Zeiss Meditec,CIRRUS HD-OCT 5000,OPT,2018,00282114,ISO_15444_1,93,117,385,49280
CZMI,Carl Zeiss Meditec,CIRRUS HD-OCT 5000,OPT,2018,20500020,IDENTITY,93,117,385,49280
CZMI,Carl Zeiss Meditec,CIRRUS HD-OCT 5000,OPT,2019,00080005,ISO_IR 192,136,165,586,75008
CZMI,Carl Zeiss Meditec,CIRRUS HD-OCT 5000,OPT,2019,00080008,MAC CUBE 512X128,136,165,586,75008
CZMI,Carl Zeiss Meditec,CIRRUS HD-OCT 5000,OPT,2019,00080008,ORIGINAL,136,165,586,75008
CZMI,Carl Zeiss Meditec,CIRRUS HD-OCT 5000,OPT,2019,00080008,PRIMARY,136,165,586,75008
CZMI,Carl Zeiss Meditec,CIRRUS HD-OCT 5000,OPT,2019,00080060,OPT,136,165,586,75008
CZMI,Carl Zeiss Meditec,CIRRUS HD-OCT 5000,OPT,2019,00100040,F,100,122,426,54528
CZMI,Carl Zeiss Meditec,CIRRUS HD-OCT 5000,OPT,2019,00100040,M,36,43,160,20480
CZMI,Carl Zeiss Meditec,CIRRUS HD-OCT 5000,OPT,2019,0018106A,NO TRIGGER,136,165,586,75008
CZMI,Carl Zeiss Meditec,CIRRUS HD-OCT 5000,OPT,2019,00181800,N,136,165,586,75008
CZMI,Carl Zeiss Meditec,CIRRUS HD-OCT 5000,OPT,2019,00187004,CCD,136,165,586,75008
CZMI,Carl Zeiss Meditec,CIRRUS HD-OCT 5000,OPT,2019,00200060,L,136,164,292,37376
CZMI,Carl Zeiss Meditec,CIRRUS HD-OCT 5000,OPT,2019,00200060,R,133,162,294,37632
CZMI,Carl Zeiss Meditec,CIRRUS HD-OCT 5000,OPT,2019,00200062,L,136,164,292,37376
CZMI,Carl Zeiss Meditec,CIRRUS HD-OCT 5000,OPT,2019,00200062,R,133,162,294,37632
CZMI,Carl Zeiss Meditec,CIRRUS HD-OCT 5000,OPT,2019,00209072,L,136,164,292,37376
CZMI,Carl Zeiss Meditec,CIRRUS HD-OCT 5000,OPT,2019,00209072,R,133,162,294,37632
CZMI,Carl Zeiss Meditec,CIRRUS HD-OCT 5000,OPT,2019,00220039,LINEAR,136,165,586,75008
CZMI,Carl Zeiss Meditec,CIRRUS HD-OCT 5000,OPT,2019,00280004,MONOCHROME2,136,165,586,75008
CZMI,Carl Zeiss Meditec,CIRRUS HD-OCT 5000,OPT,2019,00280301,NO,136,165,586,75008
CZMI,Carl Zeiss Meditec,CIRRUS HD-OCT 5000,OPT,2019,00282110,01,136,165,586,75008
CZMI,Carl Zeiss Meditec,CIRRUS HD-OCT 5000,OPT,2019,00282114,ISO_15444_1,136,165,586,75008
CZMI,Carl Zeiss Meditec,CIRRUS HD-OCT 5000,OPT,2019,20500020,IDENTITY,136,165,586,75008
CZMI,Carl Zeiss Meditec,CIRRUS HD-OCT 5000,OPT,2020,00080005,ISO_IR 192,384,404,1723,220544
CZMI,Carl Zeiss Meditec,CIRRUS HD-OCT 5000,OPT,2020,00080008,MAC CUBE 512X128,384,404,1723,220544
CZMI,Carl Zeiss Meditec,CIRRUS HD-OCT 5000,OPT,2020,00080008,ORIGINAL,384,404,1723,220544
CZMI,Carl Zeiss Meditec,CIRRUS HD-OCT 5000,OPT,2020,00080008,PRIMARY,384,404,1723,220544
CZMI,Carl Zeiss Meditec,CIRRUS HD-OCT 5000,OPT,2020,00080060,OPT,384,404,1723,220544
CZMI,Carl Zeiss Meditec,CIRRUS HD-OCT 5000,OPT,2020,00100040,F,277,294,1251,160128
CZMI,Carl Zeiss Meditec,CIRRUS HD-OCT 5000,OPT,2020,00100040,M,106,109,470,60160
CZMI,Carl Zeiss Meditec,CIRRUS HD-OCT 5000,OPT,2020,0018106A,NO TRIGGER,384,404,1723,220544
CZMI,Carl Zeiss Meditec,CIRRUS HD-OCT 5000,OPT,2020,00181800,N,384,404,1723,220544
CZMI,Carl Zeiss Meditec,CIRRUS HD-OCT 5000,OPT,2020,00187004,CCD,384,404,1723,220544
CZMI,Carl Zeiss Meditec,CIRRUS HD-OCT 5000,OPT,2020,00200060,L,371,391,827,105856
CZMI,Carl Zeiss Meditec,CIRRUS HD-OCT 5000,OPT,2020,00200060,R,383,403,896,114688
CZMI,Carl Zeiss Meditec,CIRRUS HD-OCT 5000,OPT,2020,00200062,L,371,391,827,105856
CZMI,Carl Zeiss Meditec,CIRRUS HD-OCT 5000,OPT,2020,00200062,R,383,403,896,114688
CZMI,Carl Zeiss Meditec,CIRRUS HD-OCT 5000,OPT,2020,00209072,L,371,391,827,105856
CZMI,Carl Zeiss Meditec,CIRRUS HD-OCT 5000,OPT,2020,00209072,R,383,403,896,114688
CZMI,Carl Zeiss Meditec,CIRRUS HD-OCT 5000,OPT,2020,00220039,LINEAR,384,404,1723,220544
CZMI,Carl Zeiss Meditec,CIRRUS HD-OCT 5000,OPT,2020,00280004,MONOCHROME2,384,404,1723,220544
CZMI,Carl Zeiss Meditec,CIRRUS HD-OCT 5000,OPT,2020,00280301,NO,384,404,1723,220544
CZMI,Carl Zeiss Meditec,CIRRUS HD-OCT 5000,OPT,2020,00282110,01,384,404,1723,220544
CZMI,Carl Zeiss Meditec,CIRRUS HD-OCT 5000,OPT,2020,00282114,ISO_15444_1,384,404,1723,220544
CZMI,Carl Zeiss Meditec,CIRRUS HD-OCT 5000,OPT,2020,20500020,IDENTITY,384,404,1723,220544
CZMI,Carl Zeiss Meditec,CIRRUS HD-OCT 5000,OPT,2021,00080005,ISO_IR 192,1245,1488,6330,810180
CZMI,Carl Zeiss Meditec,CIRRUS HD-OCT 5000,OPT,2021,00080008,MAC CUBE 512X128,1245,1488,6330,810180
CZMI,Carl Zeiss Meditec,CIRRUS HD-OCT 5000,OPT,2021,00080008,ORIGINAL,1245,1488,6330,810180
CZMI,Carl Zeiss Meditec,CIRRUS HD-OCT 5000,OPT,2021,00080008,PRIMARY,1245,1488,6330,810180
CZMI,Carl Zeiss Meditec,CIRRUS HD-OCT 5000,OPT,2021,00080060,OPT,1245,1488,6330,810180
CZMI,Carl Zeiss Meditec,CIRRUS HD-OCT 5000,OPT,2021,00100040,F,910,1105,4709,602716
CZMI,Carl Zeiss Meditec,CIRRUS HD-OCT 5000,OPT,2021,00100040,M,322,366,1551,198504
CZMI,Carl Zeiss Meditec,CIRRUS HD-OCT 5000,OPT,2021,00100040,O,1,3,9,1152
CZMI,Carl Zeiss Meditec,CIRRUS HD-OCT 5000,OPT,2021,0018106A,NO TRIGGER,1245,1488,6330,810180
CZMI,Carl Zeiss Meditec,CIRRUS HD-OCT 5000,OPT,2021,00181800,N,1245,1488,6330,810180
CZMI,Carl Zeiss Meditec,CIRRUS HD-OCT 5000,OPT,2021,00187004,CCD,1245,1488,6330,810180
CZMI,Carl Zeiss Meditec,CIRRUS HD-OCT 5000,OPT,2021,00200060,L,1238,1480,3082,394460
CZMI,Carl Zeiss Meditec,CIRRUS HD-OCT 5000,OPT,2021,00200060,R,1238,1481,3248,415720
CZMI,Carl Zeiss Meditec,CIRRUS HD-OCT 5000,OPT,2021,00200062,L,1238,1480,3082,394460
CZMI,Carl Zeiss Meditec,CIRRUS HD-OCT 5000,OPT,2021,00200062,R,1238,1481,3248,415720
CZMI,Carl Zeiss Meditec,CIRRUS HD-OCT 5000,OPT,2021,00209072,L,1238,1480,3082,394460
CZMI,Carl Zeiss Meditec,CIRRUS HD-OCT 5000,OPT,2021,00209072,R,1238,1481,3248,415720
CZMI,Carl Zeiss Meditec,CIRRUS HD-OCT 5000,OPT,2021,00220039,LINEAR,1245,1488,6330,810175
CZMI,Carl Zeiss Meditec,CIRRUS HD-OCT 5000,OPT,2021,00280004,MONOCHROME2,1245,1488,6330,810180
CZMI,Carl Zeiss Meditec,CIRRUS HD-OCT 5000,OPT,2021,00280301,NO,1245,1488,6330,810180
CZMI,Carl Zeiss Meditec,CIRRUS HD-OCT 5000,OPT,2021,00282110,01,1245,1488,6330,810180
CZMI,Carl Zeiss Meditec,CIRRUS HD-OCT 5000,OPT,2021,00282114,ISO_15444_1,1245,1488,6330,810180
CZMI,Carl Zeiss Meditec,CIRRUS HD-OCT 5000,OPT,2021,20500020,IDENTITY,1245,1488,6330,810180
CZMI,Carl Zeiss Meditec,CIRRUS HD-OCT 5000,OPT,2022,00080005,ISO_IR 192,1168,1296,5500,703831
CZMI,Carl Zeiss Meditec,CIRRUS HD-OCT 5000,OPT,2022,00080008,MAC CUBE 512X128,1168,1296,5500,703831
CZMI,Carl Zeiss Meditec,CIRRUS HD-OCT 5000,OPT,2022,00080008,ORIGINAL,1168,1296,5500,703831
CZMI,Carl Zeiss Meditec,CIRRUS HD-OCT 5000,OPT,2022,00080008,PRIMARY,1168,1296,5500,703831
CZMI,Carl Zeiss Meditec,CIRRUS HD-OCT 5000,OPT,2022,00080060,OPT,1168,1296,5500,703831
CZMI,Carl Zeiss Meditec,CIRRUS HD-OCT 5000,OPT,2022,00100040,F,842,927,3896,498591
CZMI,Carl Zeiss Meditec,CIRRUS HD-OCT 5000,OPT,2022,00100040,M,309,347,1514,193720
CZMI,Carl Zeiss Meditec,CIRRUS HD-OCT 5000,OPT,2022,0018106A,NO TRIGGER,1168,1296,5500,703831
CZMI,Carl Zeiss Meditec,CIRRUS HD-OCT 5000,OPT,2022,00181800,N,1168,1296,5500,703831
CZMI,Carl Zeiss Meditec,CIRRUS HD-OCT 5000,OPT,2022,00187004,CCD,1168,1296,5500,703831
CZMI,Carl Zeiss Meditec,CIRRUS HD-OCT 5000,OPT,2022,00200060,L,1159,1286,2690,344188
CZMI,Carl Zeiss Meditec,CIRRUS HD-OCT 5000,OPT,2022,00200060,R,1163,1291,2810,359643
CZMI,Carl Zeiss Meditec,CIRRUS HD-OCT 5000,OPT,2022,00200062,L,1159,1286,2690,344188
CZMI,Carl Zeiss Meditec,CIRRUS HD-OCT 5000,OPT,2022,00200062,R,1163,1291,2810,359643
CZMI,Carl Zeiss Meditec,CIRRUS HD-OCT 5000,OPT,2022,00209072,L,1159,1286,2690,344188
CZMI,Carl Zeiss Meditec,CIRRUS HD-OCT 5000,OPT,2022,00209072,R,1163,1291,2810,359643
CZMI,Carl Zeiss Meditec,CIRRUS HD-OCT 5000,OPT,2022,00220039,LINEAR,1168,1296,5500,703818
CZMI,Carl Zeiss Meditec,CIRRUS HD-OCT 5000,OPT,2022,00280004,MONOCHROME2,1168,1296,5500,703831
CZMI,Carl Zeiss Meditec,CIRRUS HD-OCT 5000,OPT,2022,00280301,NO,1168,1296,5500,703831
CZMI,Carl Zeiss Meditec,CIRRUS HD-OCT 5000,OPT,2022,00282110,01,1168,1296,5500,703831
CZMI,Carl Zeiss Meditec,CIRRUS HD-OCT 5000,OPT,2022,00282114,ISO_15444_1,1168,1296,5500,703831
CZMI,Carl Zeiss Meditec,CIRRUS HD-OCT 5000,OPT,2022,20500020,IDENTITY,1168,1296,5500,703831
CZMI,Carl Zeiss Meditec,CIRRUS HD-OCT 5000,OPT,2023,00080005,ISO_IR 192,21,21,78,10128
CZMI,Carl Zeiss Meditec,CIRRUS HD-OCT 5000,OPT,2023,00080008,MAC CUBE 200X200,1,1,2,400
CZMI,Carl Zeiss Meditec,CIRRUS HD-OCT 5000,OPT,2023,00080008,MAC CUBE 512X128,20,20,76,9728
CZMI,Carl Zeiss Meditec,CIRRUS HD-OCT 5000,OPT,2023,00080008,ORIGINAL,21,21,78,10128
CZMI,Carl Zeiss Meditec,CIRRUS HD-OCT 5000,OPT,2023,00080008,PRIMARY,21,21,78,10128
CZMI,Carl Zeiss Meditec,CIRRUS HD-OCT 5000,OPT,2023,00080060,OPT,21,21,78,10128
CZMI,Carl Zeiss Meditec,CIRRUS HD-OCT 5000,OPT,2023,00100040,F,16,16,63,8208
CZMI,Carl Zeiss Meditec,CIRRUS HD-OCT 5000,OPT,2023,00100040,M,3,3,12,1536
CZMI,Carl Zeiss Meditec,CIRRUS HD-OCT 5000,OPT,2023,0018106A,NO TRIGGER,21,21,78,10128
CZMI,Carl Zeiss Meditec,CIRRUS HD-OCT 5000,OPT,2023,00181800,N,21,21,78,10128
CZMI,Carl Zeiss Meditec,CIRRUS HD-OCT 5000,OPT,2023,00187004,CCD,21,21,78,10128
CZMI,Carl Zeiss Meditec,CIRRUS HD-OCT 5000,OPT,2023,00200060,L,19,19,38,4936
CZMI,Carl Zeiss Meditec,CIRRUS HD-OCT 5000,OPT,2023,00200060,R,21,21,40,5192
CZMI,Carl Zeiss Meditec,CIRRUS HD-OCT 5000,OPT,2023,00200062,L,19,19,38,4936
CZMI,Carl Zeiss Meditec,CIRRUS HD-OCT 5000,OPT,2023,00200062,R,21,21,40,5192
CZMI,Carl Zeiss Meditec,CIRRUS HD-OCT 5000,OPT,2023,00209072,L,19,19,38,4936
CZMI,Carl Zeiss Meditec,CIRRUS HD-OCT 5000,OPT,2023,00209072,R,21,21,40,5192
CZMI,Carl Zeiss Meditec,CIRRUS HD-OCT 5000,OPT,2023,00220039,LINEAR,21,21,78,10128
CZMI,Carl Zeiss Meditec,CIRRUS HD-OCT 5000,OPT,2023,00280004,MONOCHROME2,21,21,78,10128
CZMI,Carl Zeiss Meditec,CIRRUS HD-OCT 5000,OPT,2023,00280301,NO,21,21,78,10128
CZMI,Carl Zeiss Meditec,CIRRUS HD-OCT 5000,OPT,2023,00282110,01,21,21,78,10128
CZMI,Carl Zeiss Meditec,CIRRUS HD-OCT 5000,OPT,2023,00282114,ISO_15444_1,21,21,78,10128
CZMI,Carl Zeiss Meditec,CIRRUS HD-OCT 5000,OPT,2023,20500020,IDENTITY,21,21,78,10128
CZMI,Carl Zeiss Meditec,CIRRUS HD-OCT 6000,OPT,2021,00080005,ISO_IR 192,1,1,2,256
CZMI,Carl Zeiss Meditec,CIRRUS HD-OCT 6000,OPT,2021,00080008,MAC CUBE 512X128,1,1,2,256
CZMI,Carl Zeiss Meditec,CIRRUS HD-OCT 6000,OPT,2021,00080008,ORIGINAL,1,1,2,256
CZMI,Carl Zeiss Meditec,CIRRUS HD-OCT 6000,OPT,2021,00080008,PRIMARY,1,1,2,256
CZMI,Carl Zeiss Meditec,CIRRUS HD-OCT 6000,OPT,2021,00080060,OPT,1,1,2,256
CZMI,Carl Zeiss Meditec,CIRRUS HD-OCT 6000,OPT,2021,00100040,F,1,1,2,256
CZMI,Carl Zeiss Meditec,CIRRUS HD-OCT 6000,OPT,2021,0018106A,NO TRIGGER,1,1,2,256
CZMI,Carl Zeiss Meditec,CIRRUS HD-OCT 6000,OPT,2021,00181800,N,1,1,2,256
CZMI,Carl Zeiss Meditec,CIRRUS HD-OCT 6000,OPT,2021,00187004,CCD,1,1,2,256
CZMI,Carl Zeiss Meditec,CIRRUS HD-OCT 6000,OPT,2021,00200060,L,1,1,1,128
CZMI,Carl Zeiss Meditec,CIRRUS HD-OCT 6000,OPT,2021,00200060,R,1,1,1,128
CZMI,Carl Zeiss Meditec,CIRRUS HD-OCT 6000,OPT,2021,00200062,L,1,1,1,128
CZMI,Carl Zeiss Meditec,CIRRUS HD-OCT 6000,OPT,2021,00200062,R,1,1,1,128
CZMI,Carl Zeiss Meditec,CIRRUS HD-OCT 6000,OPT,2021,00209072,L,1,1,1,128
CZMI,Carl Zeiss Meditec,CIRRUS HD-OCT 6000,OPT,2021,00209072,R,1,1,1,128
CZMI,Carl Zeiss Meditec,CIRRUS HD-OCT 6000,OPT,2021,00220039,LINEAR,1,1,2,256
CZMI,Carl Zeiss Meditec,CIRRUS HD-OCT 6000,OPT,2021,00280004,MONOCHROME2,1,1,2,256
CZMI,Carl Zeiss Meditec,CIRRUS HD-OCT 6000,OPT,2021,00280301,NO,1,1,2,256
CZMI,Carl Zeiss Meditec,CIRRUS HD-OCT 6000,OPT,2021,00282110,01,1,1,2,256
CZMI,Carl Zeiss Meditec,CIRRUS HD-OCT 6000,OPT,2021,00282114,ISO_15444_1,1,1,2,256
CZMI,Carl Zeiss Meditec,CIRRUS HD-OCT 6000,OPT,2021,20500020,IDENTITY,1,1,2,256
Cirrus,Carl Zeiss Meditec,CIRRUS HD-OCT 5000,OPT,2020,00080005,ISO_IR 192,1,1,2,256
Cirrus,Carl Zeiss Meditec,CIRRUS HD-OCT 5000,OPT,2020,00080008,MAC CUBE 512X128,1,1,2,256
Cirrus,Carl Zeiss Meditec,CIRRUS HD-OCT 5000,OPT,2020,00080008,ORIGINAL,1,1,2,256
Cirrus,Carl Zeiss Meditec,CIRRUS HD-OCT 5000,OPT,2020,00080008,PRIMARY,1,1,2,256
Cirrus,Carl Zeiss Meditec,CIRRUS HD-OCT 5000,OPT,2020,00080060,OPT,1,1,2,256
Cirrus,Carl Zeiss Meditec,CIRRUS HD-OCT 5000,OPT,2020,00100040,F,1,1,2,256
Cirrus,Carl Zeiss Meditec,CIRRUS HD-OCT 5000,OPT,2020,0018106A,NO TRIGGER,1,1,2,256
Cirrus,Carl Zeiss Meditec,CIRRUS HD-OCT 5000,OPT,2020,00181800,N,1,1,2,256
Cirrus,Carl Zeiss Meditec,CIRRUS HD-OCT 5000,OPT,2020,00187004,CCD,1,1,2,256
Cirrus,Carl Zeiss Meditec,CIRRUS HD-OCT 5000,OPT,2020,00200060,L,1,1,1,128
Cirrus,Carl Zeiss Meditec,CIRRUS HD-OCT 5000,OPT,2020,00200060,R,1,1,1,128
Cirrus,Carl Zeiss Meditec,CIRRUS HD-OCT 5000,OPT,2020,00200062,L,1,1,1,128
Cirrus,Carl Zeiss Meditec,CIRRUS HD-OCT 5000,OPT,2020,00200062,R,1,1,1,128
Cirrus,Carl Zeiss Meditec,CIRRUS HD-OCT 5000,OPT,2020,00209072,L,1,1,1,128
Cirrus,Carl Zeiss Meditec,CIRRUS HD-OCT 5000,OPT,2020,00209072,R,1,1,1,128
Cirrus,Carl Zeiss Meditec,CIRRUS HD-OCT 5000,OPT,2020,00220039,LINEAR,1,1,2,256
Cirrus,Carl Zeiss Meditec,CIRRUS HD-OCT 5000,OPT,2020,00280004,MONOCHROME2,1,1,2,256
Cirrus,Carl Zeiss Meditec,CIRRUS HD-OCT 5000,OPT,2020,00280301,NO,1,1,2,256
Cirrus,Carl Zeiss Meditec,CIRRUS HD-OCT 5000,OPT,2020,00282110,01,1,1,2,256
Cirrus,Carl Zeiss Meditec,CIRRUS HD-OCT 5000,OPT,2020,00282114,ISO_15444_1,1,1,2,256
Cirrus,Carl Zeiss Meditec,CIRRUS HD-OCT 5000,OPT,2020,20500020,IDENTITY,1,1,2,256
Cirrus,Carl Zeiss Meditec,CIRRUS HD-OCT 5000,OPT,2021,00080005,ISO_IR 192,1,1,2,256
Cirrus,Carl Zeiss Meditec,CIRRUS HD-OCT 5000,OPT,2021,00080008,MAC CUBE 512X128,1,1,2,256
Cirrus,Carl Zeiss Meditec,CIRRUS HD-OCT 5000,OPT,2021,00080008,ORIGINAL,1,1,2,256
Cirrus,Carl Zeiss Meditec,CIRRUS HD-OCT 5000,OPT,2021,00080008,PRIMARY,1,1,2,256
Cirrus,Carl Zeiss Meditec,CIRRUS HD-OCT 5000,OPT,2021,00080060,OPT,1,1,2,256
Cirrus,Carl Zeiss Meditec,CIRRUS HD-OCT 5000,OPT,2021,00100040,F,1,1,2,256
Cirrus,Carl Zeiss Meditec,CIRRUS HD-OCT 5000,OPT,2021,0018106A,NO TRIGGER,1,1,2,256
Cirrus,Carl Zeiss Meditec,CIRRUS HD-OCT 5000,OPT,2021,00181800,N,1,1,2,256
Cirrus,Carl Zeiss Meditec,CIRRUS HD-OCT 5000,OPT,2021,00187004,CCD,1,1,2,256
Cirrus,Carl Zeiss Meditec,CIRRUS HD-OCT 5000,OPT,2021,00200060,L,1,1,1,128
Cirrus,Carl Zeiss Meditec,CIRRUS HD-OCT 5000,OPT,2021,00200060,R,1,1,1,128
Cirrus,Carl Zeiss Meditec,CIRRUS HD-OCT 5000,OPT,2021,00200062,L,1,1,1,128
Cirrus,Carl Zeiss Meditec,CIRRUS HD-OCT 5000,OPT,2021,00200062,R,1,1,1,128
Cirrus,Carl Zeiss Meditec,CIRRUS HD-OCT 5000,OPT,2021,00209072,L,1,1,1,128
Cirrus,Carl Zeiss Meditec,CIRRUS HD-OCT 5000,OPT,2021,00209072,R,1,1,1,128
Cirrus,Carl Zeiss Meditec,CIRRUS HD-OCT 5000,OPT,2021,00220039,LINEAR,1,1,2,256
Cirrus,Carl Zeiss Meditec,CIRRUS HD-OCT 5000,OPT,2021,00280004,MONOCHROME2,1,1,2,256
Cirrus,Carl Zeiss Meditec,CIRRUS HD-OCT 5000,OPT,2021,00280301,NO,1,1,2,256
Cirrus,Carl Zeiss Meditec,CIRRUS HD-OCT 5000,OPT,2021,00282110,01,1,1,2,256
Cirrus,Carl Zeiss Meditec,CIRRUS HD-OCT 5000,OPT,2021,00282114,ISO_15444_1,1,1,2,256
Cirrus,Carl Zeiss Meditec,CIRRUS HD-OCT 5000,OPT,2021,20500020,IDENTITY,1,1,2,256
John Hopkins,Carl Zeiss Meditec,CIRRUS HD-OCT 5000,OPT,2019,00080005,ISO_IR 192,1,1,2,256
John Hopkins,Carl Zeiss Meditec,CIRRUS HD-OCT 5000,OPT,2019,00080008,MAC CUBE 512X128,1,1,2,256
John Hopkins,Carl Zeiss Meditec,CIRRUS HD-OCT 5000,OPT,2019,00080008,ORIGINAL,1,1,2,256
John Hopkins,Carl Zeiss Meditec,CIRRUS HD-OCT 5000,OPT,2019,00080008,PRIMARY,1,1,2,256
John Hopkins,Carl Zeiss Meditec,CIRRUS HD-OCT 5000,OPT,2019,00080060,OPT,1,1,2,256
John Hopkins,Carl Zeiss Meditec,CIRRUS HD-OCT 5000,OPT,2019,00100040,F,1,1,2,256
John Hopkins,Carl Zeiss Meditec,CIRRUS HD-OCT 5000,OPT,2019,0018106A,NO TRIGGER,1,1,2,256
John Hopkins,Carl Zeiss Meditec,CIRRUS HD-OCT 5000,OPT,2019,00181800,N,1,1,2,256
John Hopkins,Carl Zeiss Meditec,CIRRUS HD-OCT 5000,OPT,2019,00187004,CCD,1,1,2,256
John Hopkins,Carl Zeiss Meditec,CIRRUS HD-OCT 5000,OPT,2019,00200060,L,1,1,1,128
John Hopkins,Carl Zeiss Meditec,CIRRUS HD-OCT 5000,OPT,2019,00200060,R,1,1,1,128
John Hopkins,Carl Zeiss Meditec,CIRRUS HD-OCT 5000,OPT,2019,00200062,L,1,1,1,128
John Hopkins,Carl Zeiss Meditec,CIRRUS HD-OCT 5000,OPT,2019,00200062,R,1,1,1,128
John Hopkins,Carl Zeiss Meditec,CIRRUS HD-OCT 5000,OPT,2019,00209072,L,1,1,1,128
John Hopkins,Carl Zeiss Meditec,CIRRUS HD-OCT 5000,OPT,2019,00209072,R,1,1,1,128
John Hopkins,Carl Zeiss Meditec,CIRRUS HD-OCT 5000,OPT,2019,00220039,LINEAR,1,1,2,256
John Hopkins,Carl Zeiss Meditec,CIRRUS HD-OCT 5000,OPT,2019,00280004,MONOCHROME2,1,1,2,256
John Hopkins,Carl Zeiss Meditec,CIRRUS HD-OCT 5000,OPT,2019,00280301,NO,1,1,2,256
John Hopkins,Carl Zeiss Meditec,CIRRUS HD-OCT 5000,OPT,2019,00282110,01,1,1,2,256
John Hopkins,Carl Zeiss Meditec,CIRRUS HD-OCT 5000,OPT,2019,00282114,ISO_15444_1,1,1,2,256
John Hopkins,Carl Zeiss Meditec,CIRRUS HD-OCT 5000,OPT,2019,20500020,IDENTITY,1,1,2,256
John Hopkins,Carl Zeiss Meditec,CIRRUS HD-OCT 5000,OPT,2020,00080005,ISO_IR 192,1,1,2,256
John Hopkins,Carl Zeiss Meditec,CIRRUS HD-OCT 5000,OPT,2020,00080008,MAC CUBE 512X128,1,1,2,256
John Hopkins,Carl Zeiss Meditec,CIRRUS HD-OCT 5000,OPT,2020,00080008,ORIGINAL,1,1,2,256
John Hopkins,Carl Zeiss Meditec,CIRRUS HD-OCT 5000,OPT,2020,00080008,PRIMARY,1,1,2,256
John Hopkins,Carl Zeiss Meditec,CIRRUS HD-OCT 5000,OPT,2020,00080060,OPT,1,1,2,256
John Hopkins,Carl Zeiss Meditec,CIRRUS HD-OCT 5000,OPT,2020,00100040,F,1,1,2,256
John Hopkins,Carl Zeiss Meditec,CIRRUS HD-OCT 5000,OPT,2020,0018106A,NO TRIGGER,1,1,2,256
John Hopkins,Carl Zeiss Meditec,CIRRUS HD-OCT 5000,OPT,2020,00181800,N,1,1,2,256
John Hopkins,Carl Zeiss Meditec,CIRRUS HD-OCT 5000,OPT,2020,00187004,CCD,1,1,2,256
John Hopkins,Carl Zeiss Meditec,CIRRUS HD-OCT 5000,OPT,2020,00200060,L,1,1,1,128
John Hopkins,Carl Zeiss Meditec,CIRRUS HD-OCT 5000,OPT,2020,00200060,R,1,1,1,128
John Hopkins,Carl Zeiss Meditec,CIRRUS HD-OCT 5000,OPT,2020,00200062,L,1,1,1,128
John Hopkins,Carl Zeiss Meditec,CIRRUS HD-OCT 5000,OPT,2020,00200062,R,1,1,1,128
John Hopkins,Carl Zeiss Meditec,CIRRUS HD-OCT 5000,OPT,2020,00209072,L,1,1,1,128
John Hopkins,Carl Zeiss Meditec,CIRRUS HD-OCT 5000,OPT,2020,00209072,R,1,1,1,128
John Hopkins,Carl Zeiss Meditec,CIRRUS HD-OCT 5000,OPT,2020,00220039,LINEAR,1,1,2,256
John Hopkins,Carl Zeiss Meditec,CIRRUS HD-OCT 5000,OPT,2020,00280004,MONOCHROME2,1,1,2,256
John Hopkins,Carl Zeiss Meditec,CIRRUS HD-OCT 5000,OPT,2020,00280301,NO,1,1,2,256
John Hopkins,Carl Zeiss Meditec,CIRRUS HD-OCT 5000,OPT,2020,00282110,01,1,1,2,256
John Hopkins,Carl Zeiss Meditec,CIRRUS HD-OCT 5000,OPT,2020,00282114,ISO_15444_1,1,1,2,256
John Hopkins,Carl Zeiss Meditec,CIRRUS HD-OCT 5000,OPT,2020,20500020,IDENTITY,1,1,2,256
Neuro,Carl Zeiss Meditec,CIRRUS HD-OCT 5000,OPT,2022,00080005,ISO_IR 192,223,225,959,122728
Neuro,Carl Zeiss Meditec,CIRRUS HD-OCT 5000,OPT,2022,00080008,MAC CUBE 512X128,223,225,959,122728
Neuro,Carl Zeiss Meditec,CIRRUS HD-OCT 5000,OPT,2022,00080008,ORIGINAL,223,225,959,122728
Neuro,Carl Zeiss Meditec,CIRRUS HD-OCT 5000,OPT,2022,00080008,PRIMARY,223,225,959,122728
Neuro,Carl Zeiss Meditec,CIRRUS HD-OCT 5000,OPT,2022,00080060,OPT,223,225,959,122728
Neuro,Carl Zeiss Meditec,CIRRUS HD-OCT 5000,OPT,2022,00100040,F,153,153,652,83444
Neuro,Carl Zeiss Meditec,CIRRUS HD-OCT 5000,OPT,2022,00100040,M,70,72,307,39284
Neuro,Carl Zeiss Meditec,CIRRUS HD-OCT 5000,OPT,2022,0018106A,NO TRIGGER,223,225,959,122728
Neuro,Carl Zeiss Meditec,CIRRUS HD-OCT 5000,OPT,2022,00181800,N,223,225,959,122728
Neuro,Carl Zeiss Meditec,CIRRUS HD-OCT 5000,OPT,2022,00187004,CCD,223,225,959,122728
Neuro,Carl Zeiss Meditec,CIRRUS HD-OCT 5000,OPT,2022,00200060,L,222,224,468,59880
Neuro,Carl Zeiss Meditec,CIRRUS HD-OCT 5000,OPT,2022,00200060,R,223,225,491,62848
Neuro,Carl Zeiss Meditec,CIRRUS HD-OCT 5000,OPT,2022,00200062,L,222,224,468,59880
Neuro,Carl Zeiss Meditec,CIRRUS HD-OCT 5000,OPT,2022,00200062,R,223,225,491,62848
Neuro,Carl Zeiss Meditec,CIRRUS HD-OCT 5000,OPT,2022,00209072,L,222,224,468,59880
Neuro,Carl Zeiss Meditec,CIRRUS HD-OCT 5000,OPT,2022,00209072,R,223,225,491,62848
Neuro,Carl Zeiss Meditec,CIRRUS HD-OCT 5000,OPT,2022,00220039,LINEAR,223,225,959,122726
Neuro,Carl Zeiss Meditec,CIRRUS HD-OCT 5000,OPT,2022,00280004,MONOCHROME2,223,225,959,122728
Neuro,Carl Zeiss Meditec,CIRRUS HD-OCT 5000,OPT,2022,00280301,NO,223,225,959,122728
Neuro,Carl Zeiss Meditec,CIRRUS HD-OCT 5000,OPT,2022,00282110,01,223,225,959,122728
Neuro,Carl Zeiss Meditec,CIRRUS HD-OCT 5000,OPT,2022,00282114,ISO_15444_1,223,225,959,122728
Neuro,Carl Zeiss Meditec,CIRRUS HD-OCT 5000,OPT,2022,20500020,IDENTITY,223,225,959,122728
Neuro,Carl Zeiss Meditec,CIRRUS HD-OCT 5000,OPT,2023,00080005,ISO_IR 192,333,353,1537,196736
Neuro,Carl Zeiss Meditec,CIRRUS HD-OCT 5000,OPT,2023,00080008,MAC CUBE 512X128,333,353,1537,196736
Neuro,Carl Zeiss Meditec,CIRRUS HD-OCT 5000,OPT,2023,00080008,ORIGINAL,333,353,1537,196736
Neuro,Carl Zeiss Meditec,CIRRUS HD-OCT 5000,OPT,2023,00080008,PRIMARY,333,353,1537,196736
Neuro,Carl Zeiss Meditec,CIRRUS HD-OCT 5000,OPT,2023,00080060,OPT,333,353,1537,196736
Neuro,Carl Zeiss Meditec,CIRRUS HD-OCT 5000,OPT,2023,00100040,F,248,262,1143,146304
Neuro,Carl Zeiss Meditec,CIRRUS HD-OCT 5000,OPT,2023,00100040,M,83,89,387,49536
Neuro,Carl Zeiss Meditec,CIRRUS HD-OCT 5000,OPT,2023,0018106A,NO TRIGGER,333,353,1537,196736
Neuro,Carl Zeiss Meditec,CIRRUS HD-OCT 5000,OPT,2023,00181800,N,333,353,1537,196736
Neuro,Carl Zeiss Meditec,CIRRUS HD-OCT 5000,OPT,2023,00187004,CCD,333,353,1537,196736
Neuro,Carl Zeiss Meditec,CIRRUS HD-OCT 5000,OPT,2023,00200060,L,332,352,754,96512
Neuro,Carl Zeiss Meditec,CIRRUS HD-OCT 5000,OPT,2023,00200060,R,333,353,783,100224
Neuro,Carl Zeiss Meditec,CIRRUS HD-OCT 5000,OPT,2023,00200062,L,332,352,754,96512
Neuro,Carl Zeiss Meditec,CIRRUS HD-OCT 5000,OPT,2023,00200062,R,333,353,783,100224
Neuro,Carl Zeiss Meditec,CIRRUS HD-OCT 5000,OPT,2023,00209072,L,332,352,754,96512
Neuro,Carl Zeiss Meditec,CIRRUS HD-OCT 5000,OPT,2023,00209072,R,333,353,783,100224
Neuro,Carl Zeiss Meditec,CIRRUS HD-OCT 5000,OPT,2023,00220039,LINEAR,333,353,1537,196736
Neuro,Carl Zeiss Meditec,CIRRUS HD-OCT 5000,OPT,2023,00280004,MONOCHROME2,333,353,1537,196736
Neuro,Carl Zeiss Meditec,CIRRUS HD-OCT 5000,OPT,2023,00280301,NO,333,353,1537,196736
Neuro,Carl Zeiss Meditec,CIRRUS HD-OCT 5000,OPT,2023,00282110,01,333,353,1537,196736
Neuro,Carl Zeiss Meditec,CIRRUS HD-OCT 5000,OPT,2023,00282114,ISO_15444_1,333,353,1537,196736
Neuro,Carl Zeiss Meditec,CIRRUS HD-OCT 5000,OPT,2023,20500020,IDENTITY,333,353,1537,196736
WEI,Carl Zeiss Meditec,CIRRUS HD-OCT 4000,OPT,2017,00080005,ISO_IR 192,2,2,3,384
WEI,Carl Zeiss Meditec,CIRRUS HD-OCT 4000,OPT,2017,00080008,MAC CUBE 512X128,2,2,3,384
WEI,Carl Zeiss Meditec,CIRRUS HD-OCT 4000,OPT,2017,00080008,ORIGINAL,2,2,3,384
WEI,Carl Zeiss Meditec,CIRRUS HD-OCT 4000,OPT,2017,00080008,PRIMARY,2,2,3,384
WEI,Carl Zeiss Meditec,CIRRUS HD-OCT 4000,OPT,2017,00080060,OPT,2,2,3,384
WEI,Carl Zeiss Meditec,CIRRUS HD-OCT 4000,OPT,2017,00100040,F,2,2,3,384
WEI,Carl Zeiss Meditec,CIRRUS HD-OCT 4000,OPT,2017,0018106A,NO TRIGGER,2,2,3,384
WEI,Carl Zeiss Meditec,CIRRUS HD-OCT 4000,OPT,2017,00181800,N,2,2,3,384
WEI,Carl Zeiss Meditec,CIRRUS HD-OCT 4000,OPT,2017,00187004,CCD,2,2,3,384
WEI,Carl Zeiss Meditec,CIRRUS HD-OCT 4000,OPT,2017,00200060,L,1,1,1,128
WEI,Carl Zeiss Meditec,CIRRUS HD-OCT 4000,OPT,2017,00200060,R,2,2,2,256
WEI,Carl Zeiss Meditec,CIRRUS HD-OCT 4000,OPT,2017,00200062,L,1,1,1,128
WEI,Carl Zeiss Meditec,CIRRUS HD-OCT 4000,OPT,2017,00200062,R,2,2,2,256
WEI,Carl Zeiss Meditec,CIRRUS HD-OCT 4000,OPT,2017,00209072,L,1,1,1,128
WEI,Carl Zeiss Meditec,CIRRUS HD-OCT 4000,OPT,2017,00209072,R,2,2,2,256
WEI,Carl Zeiss Meditec,CIRRUS HD-OCT 4000,OPT,2017,00220039,LINEAR,2,2,3,384
WEI,Carl Zeiss Meditec,CIRRUS HD-OCT 4000,OPT,2017,00280004,MONOCHROME2,2,2,3,384
WEI,Carl Zeiss Meditec,CIRRUS HD-OCT 4000,OPT,2017,00280301,NO,2,2,3,384
WEI,Carl Zeiss Meditec,CIRRUS HD-OCT 4000,OPT,2017,00282110,01,2,2,3,384
WEI,Carl Zeiss Meditec,CIRRUS HD-OCT 4000,OPT,2017,00282114,ISO_15444_1,2,2,3,384
WEI,Carl Zeiss Meditec,CIRRUS HD-OCT 4000,OPT,2017,20500020,IDENTITY,2,2,3,384
Wilmer Eye Institute,Carl Zeiss Meditec,CIRRUS HD-OCT 4000,OPT,2017,00080005,ISO_IR 192,1,1,2,256
Wilmer Eye Institute,Carl Zeiss Meditec,CIRRUS HD-OCT 4000,OPT,2017,00080008,MAC CUBE 512X128,1,1,2,256
Wilmer Eye Institute,Carl Zeiss Meditec,CIRRUS HD-OCT 4000,OPT,2017,00080008,ORIGINAL,1,1,2,256
Wilmer Eye Institute,Carl Zeiss Meditec,CIRRUS HD-OCT 4000,OPT,2017,00080008,PRIMARY,1,1,2,256
Wilmer Eye Institute,Carl Zeiss Meditec,CIRRUS HD-OCT 4000,OPT,2017,00080060,OPT,1,1,2,256
Wilmer Eye Institute,Carl Zeiss Meditec,CIRRUS HD-OCT 4000,OPT,2017,00100040,F,1,1,2,256
Wilmer Eye Institute,Carl Zeiss Meditec,CIRRUS HD-OCT 4000,OPT,2017,0018106A,NO TRIGGER,1,1,2,256
Wilmer Eye Institute,Carl Zeiss Meditec,CIRRUS HD-OCT 4000,OPT,2017,00181800,N,1,1,2,256
Wilmer Eye Institute,Carl Zeiss Meditec,CIRRUS HD-OCT 4000,OPT,2017,00187004,CCD,1,1,2,256
Wilmer Eye Institute,Carl Zeiss Meditec,CIRRUS HD-OCT 4000,OPT,2017,00200060,L,1,1,1,128
Wilmer Eye Institute,Carl Zeiss Meditec,CIRRUS HD-OCT 4000,OPT,2017,00200060,R,1,1,1,128
Wilmer Eye Institute,Carl Zeiss Meditec,CIRRUS HD-OCT 4000,OPT,2017,00200062,L,1,1,1,128
Wilmer Eye Institute,Carl Zeiss Meditec,CIRRUS HD-OCT 4000,OPT,2017,00200062,R,1,1,1,128
Wilmer Eye Institute,Carl Zeiss Meditec,CIRRUS HD-OCT 4000,OPT,2017,00209072,L,1,1,1,128
Wilmer Eye Institute,Carl Zeiss Meditec,CIRRUS HD-OCT 4000,OPT,2017,00209072,R,1,1,1,128
Wilmer Eye Institute,Carl Zeiss Meditec,CIRRUS HD-OCT 4000,OPT,2017,00220039,LINEAR,1,1,2,256
Wilmer Eye Institute,Carl Zeiss Meditec,CIRRUS HD-OCT 4000,OPT,2017,00280004,MONOCHROME2,1,1,2,256
Wilmer Eye Institute,Carl Zeiss Meditec,CIRRUS HD-OCT 4000,OPT,2017,00280301,NO,1,1,2,256
Wilmer Eye Institute,Carl Zeiss Meditec,CIRRUS HD-OCT 4000,OPT,2017,00282110,01,1,1,2,256
Wilmer Eye Institute,Carl Zeiss Meditec,CIRRUS HD-OCT 4000,OPT,2017,00282114,ISO_15444_1,1,1,2,256
Wilmer Eye Institute,Carl Zeiss Meditec,CIRRUS HD-OCT 4000,OPT,2017,20500020,IDENTITY,1,1,2,256
Wilmer Eye Institute,Carl Zeiss Meditec,CIRRUS HD-OCT 4000,OPT,2018,00080005,ISO_IR 192,1,1,2,256
Wilmer Eye Institute,Carl Zeiss Meditec,CIRRUS HD-OCT 4000,OPT,2018,00080008,MAC CUBE 512X128,1,1,2,256
Wilmer Eye Institute,Carl Zeiss Meditec,CIRRUS HD-OCT 4000,OPT,2018,00080008,ORIGINAL,1,1,2,256
Wilmer Eye Institute,Carl Zeiss Meditec,CIRRUS HD-OCT 4000,OPT,2018,00080008,PRIMARY,1,1,2,256
Wilmer Eye Institute,Carl Zeiss Meditec,CIRRUS HD-OCT 4000,OPT,2018,00080060,OPT,1,1,2,256
Wilmer Eye Institute,Carl Zeiss Meditec,CIRRUS HD-OCT 4000,OPT,2018,00100040,F,1,1,2,256
Wilmer Eye Institute,Carl Zeiss Meditec,CIRRUS HD-OCT 4000,OPT,2018,0018106A,NO TRIGGER,1,1,2,256
Wilmer Eye Institute,Carl Zeiss Meditec,CIRRUS HD-OCT 4000,OPT,2018,00181800,N,1,1,2,256
Wilmer Eye Institute,Carl Zeiss Meditec,CIRRUS HD-OCT 4000,OPT,2018,00187004,CCD,1,1,2,256
Wilmer Eye Institute,Carl Zeiss Meditec,CIRRUS HD-OCT 4000,OPT,2018,00200060,L,1,1,1,128
Wilmer Eye Institute,Carl Zeiss Meditec,CIRRUS HD-OCT 4000,OPT,2018,00200060,R,1,1,1,128
Wilmer Eye Institute,Carl Zeiss Meditec,CIRRUS HD-OCT 4000,OPT,2018,00200062,L,1,1,1,128
Wilmer Eye Institute,Carl Zeiss Meditec,CIRRUS HD-OCT 4000,OPT,2018,00200062,R,1,1,1,128
Wilmer Eye Institute,Carl Zeiss Meditec,CIRRUS HD-OCT 4000,OPT,2018,00209072,L,1,1,1,128
Wilmer Eye Institute,Carl Zeiss Meditec,CIRRUS HD-OCT 4000,OPT,2018,00209072,R,1,1,1,128
Wilmer Eye Institute,Carl Zeiss Meditec,CIRRUS HD-OCT 4000,OPT,2018,00220039,LINEAR,1,1,2,256
Wilmer Eye Institute,Carl Zeiss Meditec,CIRRUS HD-OCT 4000,OPT,2018,00280004,MONOCHROME2,1,1,2,256
Wilmer Eye Institute,Carl Zeiss Meditec,CIRRUS HD-OCT 4000,OPT,2018,00280301,NO,1,1,2,256
Wilmer Eye Institute,Carl Zeiss Meditec,CIRRUS HD-OCT 4000,OPT,2018,00282110,01,1,1,2,256
Wilmer Eye Institute,Carl Zeiss Meditec,CIRRUS HD-OCT 4000,OPT,2018,00282114,ISO_15444_1,1,1,2,256
Wilmer Eye Institute,Carl Zeiss Meditec,CIRRUS HD-OCT 4000,OPT,2018,20500020,IDENTITY,1,1,2,256
Wilmer Eye Institute - Bayview,Carl Zeiss Meditec,CIRRUS HD-OCT 4000,OPT,2019,00080005,ISO_IR 192,1,1,3,600
Wilmer Eye Institute - Bayview,Carl Zeiss Meditec,CIRRUS HD-OCT 4000,OPT,2019,00080008,MAC CUBE 200X200,1,1,3,600
Wilmer Eye Institute - Bayview,Carl Zeiss Meditec,CIRRUS HD-OCT 4000,OPT,2019,00080008,ORIGINAL,1,1,3,600
Wilmer Eye Institute - Bayview,Carl Zeiss Meditec,CIRRUS HD-OCT 4000,OPT,2019,00080008,PRIMARY,1,1,3,600
Wilmer Eye Institute - Bayview,Carl Zeiss Meditec,CIRRUS HD-OCT 4000,OPT,2019,00080060,OPT,1,1,3,600
Wilmer Eye Institute - Bayview,Carl Zeiss Meditec,CIRRUS HD-OCT 4000,OPT,2019,00100040,F,1,1,3,600
Wilmer Eye Institute - Bayview,Carl Zeiss Meditec,CIRRUS HD-OCT 4000,OPT,2019,0018106A,NO TRIGGER,1,1,3,600
Wilmer Eye Institute - Bayview,Carl Zeiss Meditec,CIRRUS HD-OCT 4000,OPT,2019,00181800,N,1,1,3,600
Wilmer Eye Institute - Bayview,Carl Zeiss Meditec,CIRRUS HD-OCT 4000,OPT,2019,00187004,CCD,1,1,3,600
Wilmer Eye Institute - Bayview,Carl Zeiss Meditec,CIRRUS HD-OCT 4000,OPT,2019,00200060,L,1,1,1,200
Wilmer Eye Institute - Bayview,Carl Zeiss Meditec,CIRRUS HD-OCT 4000,OPT,2019,00200060,R,1,1,2,400
Wilmer Eye Institute - Bayview,Carl Zeiss Meditec,CIRRUS HD-OCT 4000,OPT,2019,00200062,L,1,1,1,200
Wilmer Eye Institute - Bayview,Carl Zeiss Meditec,CIRRUS HD-OCT 4000,OPT,2019,00200062,R,1,1,2,400
Wilmer Eye Institute - Bayview,Carl Zeiss Meditec,CIRRUS HD-OCT 4000,OPT,2019,00209072,L,1,1,1,200
Wilmer Eye Institute - Bayview,Carl Zeiss Meditec,CIRRUS HD-OCT 4000,OPT,2019,00209072,R,1,1,2,400
Wilmer Eye Institute - Bayview,Carl Zeiss Meditec,CIRRUS HD-OCT 4000,OPT,2019,00220039,LINEAR,1,1,3,600
Wilmer Eye Institute - Bayview,Carl Zeiss Meditec,CIRRUS HD-OCT 4000,OPT,2019,00280004,MONOCHROME2,1,1,3,600
Wilmer Eye Institute - Bayview,Carl Zeiss Meditec,CIRRUS HD-OCT 4000,OPT,2019,00280301,NO,1,1,3,600
Wilmer Eye Institute - Bayview,Carl Zeiss Meditec,CIRRUS HD-OCT 4000,OPT,2019,00282110,01,1,1,3,600
Wilmer Eye Institute - Bayview,Carl Zeiss Meditec,CIRRUS HD-OCT 4000,OPT,2019,00282114,ISO_15444_1,1,1,3,600
Wilmer Eye Institute - Bayview,Carl Zeiss Meditec,CIRRUS HD-OCT 4000,OPT,2019,20500020,IDENTITY,1,1,3,600
Wilmer Glaucoma Center of Excellence,Carl Zeiss Meditec,CIRRUS HD-OCT 4000,OPT,2018,00080005,ISO_IR 192,1,1,2,256
Wilmer Glaucoma Center of Excellence,Carl Zeiss Meditec,CIRRUS HD-OCT 4000,OPT,2018,00080008,MAC CUBE 512X128,1,1,2,256
Wilmer Glaucoma Center of Excellence,Carl Zeiss Meditec,CIRRUS HD-OCT 4000,OPT,2018,00080008,ORIGINAL,1,1,2,256
Wilmer Glaucoma Center of Excellence,Carl Zeiss Meditec,CIRRUS HD-OCT 4000,OPT,2018,00080008,PRIMARY,1,1,2,256
Wilmer Glaucoma Center of Excellence,Carl Zeiss Meditec,CIRRUS HD-OCT 4000,OPT,2018,00080060,OPT,1,1,2,256
Wilmer Glaucoma Center of Excellence,Carl Zeiss Meditec,CIRRUS HD-OCT 4000,OPT,2018,00100040,F,1,1,2,256
Wilmer Glaucoma Center of Excellence,Carl Zeiss Meditec,CIRRUS HD-OCT 4000,OPT,2018,0018106A,NO TRIGGER,1,1,2,256
Wilmer Glaucoma Center of Excellence,Carl Zeiss Meditec,CIRRUS HD-OCT 4000,OPT,2018,00181800,N,1,1,2,256
Wilmer Glaucoma Center of Excellence,Carl Zeiss Meditec,CIRRUS HD-OCT 4000,OPT,2018,00187004,CCD,1,1,2,256
Wilmer Glaucoma Center of Excellence,Carl Zeiss Meditec,CIRRUS HD-OCT 4000,OPT,2018,00200060,L,1,1,1,128
Wilmer Glaucoma Center of Excellence,Carl Zeiss Meditec,CIRRUS HD-OCT 4000,OPT,2018,00200060,R,1,1,1,128
Wilmer Glaucoma Center of Excellence,Carl Zeiss Meditec,CIRRUS HD-OCT 4000,OPT,2018,00200062,L,1,1,1,128
Wilmer Glaucoma Center of Excellence,Carl Zeiss Meditec,CIRRUS HD-OCT 4000,OPT,2018,00200062,R,1,1,1,128
Wilmer Glaucoma Center of Excellence,Carl Zeiss Meditec,CIRRUS HD-OCT 4000,OPT,2018,00209072,L,1,1,1,128
Wilmer Glaucoma Center of Excellence,Carl Zeiss Meditec,CIRRUS HD-OCT 4000,OPT,2018,00209072,R,1,1,1,128
Wilmer Glaucoma Center of Excellence,Carl Zeiss Meditec,CIRRUS HD-OCT 4000,OPT,2018,00220039,LINEAR,1,1,2,256
Wilmer Glaucoma Center of Excellence,Carl Zeiss Meditec,CIRRUS HD-OCT 4000,OPT,2018,00280004,MONOCHROME2,1,1,2,256
Wilmer Glaucoma Center of Excellence,Carl Zeiss Meditec,CIRRUS HD-OCT 4000,OPT,2018,00280301,NO,1,1,2,256
Wilmer Glaucoma Center of Excellence,Carl Zeiss Meditec,CIRRUS HD-OCT 4000,OPT,2018,00282110,01,1,1,2,256
Wilmer Glaucoma Center of Excellence,Carl Zeiss Meditec,CIRRUS HD-OCT 4000,OPT,2018,00282114,ISO_15444_1,1,1,2,256
Wilmer Glaucoma Center of Excellence,Carl Zeiss Meditec,CIRRUS HD-OCT 4000,OPT,2018,20500020,IDENTITY,1,1,2,256
